nx,ny,Re,Tempo de execução(s),Desvio Padrão(s)
64,64,100,35.970539,1.6348026e-1
128,128,100,116.7689,4.4001288e-2